Bytecoin (BCN),
IOTA (MIOTA),
Ontology (ONT),
Linkey (LKY),
MaidSafeCoin (MAID),
WAX (WAX),
Polymath (POLY),
Komodo (KMD),
Cube (AUTO),
Bitcoin Private (BTCP),
Kyber Network (KNC),
HYCON (HYC),
Just a moment...,
DigixDAO (DGD),
IoT Chain (ITC),
AMO Coin (AMO),
Just a moment...,
Stratis (STRAT),
district0x (DNT),
Just a moment...,
Just a moment...,
Factom (FCT),
Wings (WINGS),
Just a moment...,
Pundi X (NPXS),
CWV Chain (CWV),
Nasdacoin (NSD),
Just a moment...,
Bitcoin Gold (BTG),
TenX (PAY),
Guaranteed Ethurance Token Extra (GETX),
SaluS (SLS),
Just a moment...,
PumaPay (PMA),
Just a moment...,
Just a moment...,
Just a moment...,
Just a moment...,
Noah Coin (NOAH),
Just a moment...,
Peercoin (PPC),
Just a moment...,
Tokenomy (TEN),

Just a moment...,
Just a moment...,
Just a moment...,
Just a moment...,
Just a moment...,
DATA (DTA),
Just a moment...,
Just a moment...,
Own (CHX),
Just a moment...,
Just a moment...,
Just a moment...,
Just a moment...,
Dash (DASH),
Veritaseum (VERI),
EvenCoin (EVN),
Time New Bank (TNB),
Bitcoin,
Just a moment...,
Just a moment...,
Just a moment...,
Just a moment...,
Just a moment...,
Just a moment...,
Just a moment...,
Just a moment...,
Just a moment...,
Just a moment...,
Just a moment...,
Just a moment...,
Just a moment...,
Just a moment...,
Just a moment...,
Just a moment...,
Just a moment...,
Just a moment...,
Just a moment...,
Just a moment...,
Just a moment...,
Just a moment...,
Just a moment...,
Just a moment...,
Just a moment...,
Just a moment...,
Just a moment...,
Just a moment...,
Just a moment...,
Just a moment...,
Just a moment...,
Just a moment...,
Just a moment...,
Just a moment...,
Just a moment...,
Just a moment...,
Just a moment...,
Just a moment...,
Just a moment...,
Just a moment...,
Just a moment...,
Just a moment...,
Just a moment...,
Just a moment...,
Just a moment...,
Just a moment...,
Just a moment...,
Just a moment...,
Just a moment...,
Just a moment...,
Just a moment...,
Just a moment...,
Just a moment...,
Just a moment...,
Just a moment...,
Just a moment...,
Just a moment...,
Just a moment...,
Just a moment...,
Just a moment...,
Just a moment...,
Just a moment...,
Just a moment...,
Just a moment...,
Just a moment...,
Just a moment...,
Just a moment...,
Just a moment...,
Just a moment...,
Just a moment...,
Just a moment...,
Just a moment...,
Just a moment...,
Just a moment...,
Just a moment...,
Just a moment...,
Just a moment...,
Just a moment...,
Just a moment...,
Just a moment...,
Just a moment...,
Just a moment...,
Just a moment...,
Just a moment...,
Just a moment...,
Just a moment...,
Just a moment...,
Just a moment...,
Just a moment...,
Just a moment...,
Just a moment...,
Just a moment...,
Just a moment...,
Just a moment...,
Just a moment...,
Just a moment...,
Just a moment...,
Just a moment...,
Just a moment...,
Just a moment...,
Just a moment...,
Just a moment...,
Just a moment...,
Just a moment...,
Just a moment...,
Just a moment...,
Just a moment...,
Just a moment...,
Just a moment...,
Just a moment...,
Just a moment...,
Just a moment...,
Just a moment...,
Just a moment...,
Just a moment...,
Just a moment...,
Just a moment...,
Just a moment...,
Just a moment...,
Just a moment...,
Just a moment...,
Just a moment...,
Just a moment...,
Just a moment...,
Just a moment...,
Just a moment...,
Just a moment...,
Just a moment...,
Just a moment...,
Just a moment...,
Just a moment...,
Just a moment...,
Just a moment...,
Just a moment...,
Just a moment...,
Just a moment...,
Just a moment...,
Just a moment...,
Just a moment...,
Just a moment...,
Just a moment...,
Just a moment...,
Just a moment...,
Just a moment...,
Just a moment...,
Just a moment...,
Just a moment...,
Just a moment...,
Just a moment...,
Just a moment...,
Just a moment...,
Just a moment...,
Just a moment...,
Just a moment...,
Just a moment...,
Just a moment...,
Just a moment...,
Just a moment...,
Just a moment...,
Just a moment...,
Just a moment...,
Just a moment...,
Just a moment...,
Just a moment...,
Just a moment...,
Just a moment...,
Just a moment...,
Just a moment...,
Just a moment...,
Just a moment...,
Just a moment...,
Just a moment...,
Just a moment...,
Just a moment...,
Just a moment...,
Just a moment...,
Just a moment...,
Just a moment...,
Just a moment...,
Just a moment...,
Just a moment...,
Just a moment...,
Just a moment...,
Just a moment...,
Just a moment...,
Just a moment...,
Just a moment...,
Just a moment...,
Just a moment...,
Just a moment...,
Just a moment...,
Just a moment...,
Just a moment...,
Just a moment...,
Just a moment...,
Just a moment...,
Just a moment...,
Just a moment...,
Just a moment...,
Just a moment...,
Just a moment...,
Just a moment...,
Just a moment...,
Just a moment...,
Just a moment...,
Just a moment...,
Just a moment...,
Just a moment...,
Just a moment...,
Just a moment...,
Just a moment...,
Just a moment...,
Just a moment...,
Just a moment...,
Just a moment...,
Just a moment...,
Just a moment...,
Just a moment...,
Just a moment...,
Just a moment...,
Just a moment...,
Just a moment...,
Just a moment...,
Just a moment...,
Just a moment...,
Just a moment...,
Just a moment...,
Just a moment...,
Just a moment...,
Just a moment...,
Just a moment...,
Just a moment...,
Just a moment...,
Just a moment...,
Just a moment...,
Just a moment...,
Just a moment...,
Just a moment...,
Just a moment...,
Just a moment...,
Just a moment...,
Just a moment...,
Just a moment...,
Just a moment...,
Just a moment...,
Just a moment...,
Just a moment...,
Just a moment...,
Just a moment...,
Just a moment...,
Just a moment...,
Just a moment...,
Just a moment...,
Just a moment...,
Just a moment...,
Just a moment...,
Just a moment...,
Just a moment...,
Just a moment...,
Just a moment...,
Just a moment...,
Just a moment...,
Just a moment...,
Just a moment...,
Just a moment...,
Just a moment...,
Just a moment...,
Just a moment...,
Just a moment...,
Just a moment...,
Just a moment...,
Just a moment...,
Just a moment...,
Just a moment...,
Just a moment...,
Just a moment...,
Just a moment...,
Just a moment...,
Just a moment...,
Just a moment...,
Just a moment...,
Just a moment...,
Just a moment...,
Just a moment...,
Just a moment...,
Just a moment...,
Just a moment...,
Just a moment...,
Just a moment...,
Just a moment...,
Just a moment...,
Just a moment...,
Just a moment...,
Just a moment...,
Just a moment...,
Just a moment...,
Just a moment...,
Just a moment...,
Just a moment...,
Just a moment...,
Just a moment...,
Just a moment...,
Just a moment...,
Just a moment...,
Just a moment...,
Just a moment...,
Just a moment...,
Just a moment...,
Just a moment...,
Just a moment...,
Just a moment...,
Just a moment...,
Just a moment...,
Just a moment...,
Just a moment...,
Just a moment...,
Just a moment...,
Just a moment...,
Just a moment...,
Just a moment...,
Just a moment...,
Just a moment...,
Just a moment...,
Just a moment...,
Just a moment...,
Just a moment...,
Just a moment...,
Just a moment...,
Just a moment...,
Just a moment...,
Just a moment...,
Just a moment...,
Just a moment...,
Just a moment...,
Just a moment...,
Just a moment...,
Just a moment...,
Just a moment...,
Just a moment...,
Just a moment...,
Just a moment...,
Just a moment...,
Just a moment...,
Just a moment...,
Just a moment...,
Just a moment...,
Just a moment...,
Just a moment...,
Just a moment...,
Just a moment...,
Just a moment...,
Just a moment...,
Just a moment...,
Just a moment...,
Just a moment...,
Just a moment...,
Just a moment...,
Just a moment...,
Just a moment...,
Just a moment...,
Just a moment...,
Just a moment...,
Just a moment...,
Just a moment...,
Just a moment...,
Just a moment...,
Just a moment...,
Just a moment...,
Just a moment...,
Just a moment...,
Just a moment...,
Just a moment...,
Just a moment...,
Just a moment...,
Just a moment...,
Just a moment...,
Just a moment...,
Just a moment...,
Just a moment...,
Just a moment...,
Just a moment...,
Just a moment...,
Just a moment...,
Just a moment...,
Just a moment...,
Just a moment...,
Just a moment...,
Just a moment...,
Just a moment...,
Just a moment...,
Just a moment...,
Just a moment...,
Just a moment...,
Just a moment...,
Just a moment...,
Just a moment...,
Just a moment...,
Just a moment...,
Just a moment...,
Just a moment...,
Just a moment...,
Just a moment...,
Just a moment...,
Just a moment...,
Just a moment...,
Just a moment...,
Just a moment...,
Just a moment...,
Just a moment...,
Just a moment...,
Just a moment...,
Just a moment...,
Just a moment...,
Just a moment...,
Just a moment...,
Just a moment...,
Just a moment...,
Just a moment...,
Just a moment...,
Just a moment...,
Just a moment...,
Just a moment...,
Just a moment...,
Just a moment...,
Just a moment...,
Just a moment...,
Just a moment...,
Just a moment...,
Just a moment...,
Just a moment...,
Just a moment...,
Just a moment...,
Just a moment...,
Just a moment...,
Just a moment...,
Just a moment...,
Just a moment...,
Just a moment...,
Just a moment...,
Just a moment...,
Just a moment...,
Just a moment...,
Just a moment...,
Just a moment...,
Just a moment...,
Just a moment...,
Just a moment...,
Just a moment...,
Just a moment...,
Just a moment...,
Just a moment...,
Just a moment...,
Just a moment...,
Just a moment...,
Just a moment...,
Just a moment...,
Just a moment...,
Just a moment...,
Just a moment...,
Just a moment...,
Just a moment...,
Just a moment...,
Just a moment...,
Just a moment...,
Just a moment...,
Just a moment...,
Just a moment...,
Just a moment...,
Just a moment...,
Just a moment...,
Just a moment...,
Just a moment...,
Just a moment...,
Just a moment...,
Just a moment...,
Just a moment...,
Just a moment...,
Just a moment...,
Just a moment...,
Just a moment...,
Just a moment...,
Just a moment...,
Just a moment...,
Just a moment...,
Just a moment...,
Just a moment...,
Just a moment...,
Just a moment...,
Just a moment...,
Just a moment...,
Just a moment...,
Just a moment...,
Just a moment...,
Just a moment...,
Just a moment...,
Just a moment...,
Just a moment...,
Just a moment...,
Just a moment...,
Just a moment...,
Just a moment...,
Just a moment...,
Just a moment...,
Just a moment...,
Just a moment...,
Just a moment...,
Just a moment...,
Just a moment...,
Just a moment...,
Just a moment...,
Just a moment...,
Just a moment...,
Just a moment...,
Just a moment...,
Just a moment...,
Just a moment...,
Just a moment...,
Just a moment...,
Just a moment...,
Just a moment...,
Just a moment...,
Just a moment...,
Just a moment...,
Just a moment...,
Just a moment...,
Just a moment...,
Just a moment...,
Just a moment...,
Just a moment...,
Just a moment...,
Just a moment...,
Just a moment...,
Just a moment...,
Just a moment...,
Just a moment...,
Just a moment...,
Just a moment...,
Just a moment...,
Just a moment...,
Just a moment...,
Just a moment...,
Just a moment...,
Just a moment...,
Just a moment...,
Just a moment...,
Just a moment...,
Just a moment...,
Just a moment...,
Just a moment...,
Just a moment...,
Just a moment...,
Just a moment...,
Just a moment...,
Just a moment...,
Just a moment...,
Just a moment...,
Just a moment...,
Just a moment...,
Just a moment...,
Just a moment...,
Just a moment...,
Just a moment...,
Just a moment...,
Just a moment...,
Just a moment...,
Just a moment...,
Just a moment...,
Just a moment...,
Just a moment...,
Just a moment...,
Just a moment...,
Just a moment...,
Just a moment...,
Just a moment...,
Just a moment...,
Just a moment...,
Just a moment...,
Just a moment...,
Just a moment...,
Just a moment...,
Just a moment...,
Just a moment...,
Just a moment...,
Just a moment...,
Just a moment...,
Just a moment...,
Just a moment...,
Just a moment...,
Just a moment...,
Just a moment...,
Just a moment...,
Just a moment...,
Just a moment...,
Just a moment...,
Just a moment...,
Just a moment...,
Just a moment...,
Just a moment...,
Just a moment...,
Just a moment...,
Just a moment...,
Just a moment...,
Just a moment...,
Just a moment...,
Just a moment...,
Just a moment...,
Just a moment...,
Just a moment...,
Just a moment...,
Just a moment...,
Just a moment...,
Just a moment...,
Just a moment...,
Just a moment...,
Just a moment...,
Just a moment...,
Just a moment...,
Just a moment...,
Just a moment...,
Just a moment...,
Just a moment...,
Just a moment...,
Just a moment...,
Just a moment...,
Just a moment...,
Just a moment...,
Just a moment...,
Just a moment...,
Just a moment...,
Just a moment...,
Just a moment...,
Just a moment...,
Just a moment...,
Just a moment...,
Just a moment...,
Just a moment...,
Just a moment...,
Just a moment...,
Just a moment...,
Just a moment...,
Just a moment...,
Just a moment...,
Just a moment...,
Just a moment...,
Just a moment...,
Just a moment...,
Just a moment...,
Just a moment...,
Just a moment...,
Just a moment...,
Just a moment...,
Just a moment...,
Just a moment...,
Just a moment...,
Just a moment...,
Just a moment...,
Just a moment...,
Just a moment...,
Just a moment...,
Just a moment...,
Just a moment...,
Just a moment...,
Just a moment...,
Just a moment...,
Just a moment...,
Just a moment...,
Just a moment...,
Just a moment...,
Just a moment...,
Just a moment...,
Just a moment...,
Just a moment...,
Just a moment...,
Just a moment...,
Just a moment...,
Just a moment...,
Just a moment...,
Just a moment...,
Just a moment...,
Just a moment...,
Just a moment...,
Just a moment...,
Just a moment...,
Just a moment...,
Just a moment...,
Just a moment...,
Just a moment...,
Just a moment...,
Just a moment...,
Just a moment...,
Just a moment...,
Just a moment...,
Just a moment...,
Just a moment...,
Just a moment...,
Just a moment...,
Just a moment...,
Just a moment...,
Just a moment...,
Just a moment...,
Just a moment...,
Just a moment...,
Just a moment...,
Just a moment...,
Just a moment...,
Just a moment...,
Just a moment...,
Just a moment...,
Just a moment...,
Just a moment...,
Just a moment...,
Just a moment...,
Just a moment...,
Just a moment...,
Just a moment...,
Just a moment...,
Just a moment...,
Just a moment...,
Just a moment...,
Just a moment...,
Just a moment...,
Just a moment...,
Just a moment...,
Just a moment...,
Just a moment...,
Just a moment...,
Just a moment...,
Just a moment...,
Just a moment...,
Just a moment...,
Just a moment...,
Just a moment...,
Just a moment...,
Just a moment...,
Just a moment...,
Just a moment...,
Just a moment...,
Just a moment...,
Just a moment...,
Just a moment...,
Just a moment...,
Just a moment...,
Just a moment...,
Just a moment...,
Just a moment...,
Just a moment...,
Just a moment...,
Just a moment...,
Just a moment...,
Just a moment...,
Just a moment...,
Just a moment...,
Just a moment...,
Just a moment...,
Just a moment...,
Just a moment...,
Just a moment...,
Just a moment...,
Just a moment...,
Just a moment...,
Just a moment...,
Just a moment...,
Just a moment...,
Just a moment...,
Just a moment...,
Just a moment...,
Just a moment...,
Just a moment...,
Just a moment...,
Just a moment...,
Just a moment...,
Just a moment...,
Just a moment...,
Just a moment...,
Just a moment...,
Just a moment...,
Just a moment...,
Just a moment...,
Just a moment...,
Just a moment...,
Just a moment...,
Just a moment...,
Just a moment...,
Just a moment...,
Just a moment...,
Just a moment...,
Just a moment...,
Just a moment...,
Just a moment...,
Just a moment...,
Just a moment...,
Just a moment...,
Just a moment...,
Just a moment...,
Just a moment...,
Just a moment...,
Just a moment...,
Just a moment...,
Just a moment...,
Just a moment...,
Just a moment...,
Just a moment...,
Just a moment...,
Just a moment...,
Just a moment...,
Just a moment...,
Just a moment...,
Just a moment...,
Just a moment...,
Just a moment...,
Just a moment...,
Just a moment...,
Just a moment...,
Just a moment...,
Just a moment...,
Just a moment...,
Just a moment...,
Just a moment...,
Just a moment...,
Just a moment...,
Just a moment...,
Just a moment...,
Just a moment...,
Just a moment...,
Just a moment...,
Just a moment...,
Just a moment...,
Just a moment...,
Just a moment...,
Just a moment...,
Just a moment...,
Just a moment...,
Just a moment...,
Just a moment...,
Just a moment...,
Just a moment...,
Just a moment...,
Just a moment...,
Just a moment...,
Just a moment...,
Just a moment...,
Just a moment...,
Just a moment...,
Just a moment...,
Just a moment...,
Just a moment...,
Just a moment...,
Just a moment...,
Just a moment...,
Just a moment...,
Just a moment...,
Just a moment...,
Just a moment...,
Just a moment...,
Just a moment...,
Just a moment...,
Just a moment...,
Just a moment...,
Just a moment...,
Just a moment...,
Just a moment...,
Just a moment...,
Just a moment...,
Just a moment...,
Just a moment...,
Just a moment...,
Just a moment...,
Just a moment...,
Just a moment...,
Just a moment...,
Just a moment...,
Just a moment...,
Just a moment...,
Just a moment...,
Just a moment...,
Just a moment...,
Just a moment...,
Just a moment...,
Just a moment...,
Just a moment...,
Just a moment...,
Just a moment...,
Just a moment...,
Just a moment...,
Just a moment...,
Just a moment...,
Just a moment...,
Just a moment...,
Just a moment...,
Just a moment...,
Just a moment...,
Just a moment...,
Just a moment...,
Just a moment...,
Just a moment...,
Just a moment...,
Just a moment...,
Just a moment...,
Just a moment...,
Just a moment...,
Just a moment...,
Just a moment...,
Just a moment...,
Just a moment...,
Just a moment...,
Just a moment...,
Just a moment...,
Just a moment...,
Just a moment...,
Just a moment...,
Just a moment...,
Just a moment...,
Just a moment...,
Just a moment...,
Just a moment...,
Just a moment...,
Just a moment...,
Just a moment...,
Just a moment...,
Just a moment...,
Just a moment...,
Just a moment...,
Just a moment...,
Just a moment...,
Just a moment...,
Just a moment...,
Just a moment...,
Just a moment...,
Just a moment...,
Just a moment...,
Just a moment...,
Just a moment...,
Just a moment...,
Just a moment...,
Just a moment...,
Just a moment...,
Just a moment...,
Just a moment...,
Just a moment...,
Just a moment...,
Just a moment...,
Just a moment...,
Just a moment...,
Just a moment...,
Just a moment...,
Just a moment...,
Just a moment...,
Just a moment...,
Just a moment...,
Just a moment...,
Just a moment...,
Just a moment...,
Just a moment...,
Just a moment...,
Just a moment...,
Just a moment...,
Just a moment...,
Just a moment...,
Just a moment...,
Just a moment...,
Just a moment...,
Just a moment...,
Just a moment...,
Just a moment...,
Just a moment...,
Just a moment...,
Just a moment...,
Just a moment...,
Just a moment...,
Just a moment...,
Just a moment...,
Just a moment...,
Just a moment...,
Just a moment...,
Just a moment...,
Just a moment...,
Just a moment...,
Just a moment...,
Just a moment...,
Just a moment...,
Just a moment...,
Just a moment...,
Just a moment...,
Just a moment...,
Just a moment...,
Just a moment...,
Just a moment...,
Just a moment...,
Just a moment...,
Just a moment...,
Just a moment...,
Just a moment...,
Just a moment...,
Just a moment...,
Just a moment...,
Just a moment...,
Just a moment...,
Just a moment...,
Just a moment...,
Just a moment...,
Just a moment...,
Just a moment...,
Just a moment...,
Just a moment...,
Just a moment...,
Just a moment...,
Just a moment...,
Just a moment...,
Just a moment...,
Just a moment...,
Just a moment...,
Just a moment...,
Just a moment...,
Just a moment...,
Just a moment...,
Just a moment...,
Just a moment...,
Just a moment...,
Just a moment...,
Just a moment...,
Just a moment...,
Just a moment...,
Just a moment...,
Just a moment...,
Just a moment...,
Just a moment...,
Just a moment...,
Just a moment...,
Just a moment...,
Just a moment...,
Just a moment...,
Just a moment...,
Just a moment...,
Just a moment...,
Just a moment...,
Just a moment...,
Just a moment...,
Just a moment...,
Just a moment...,
Just a moment...,
Just a moment...,
Just a moment...,
Just a moment...,
Just a moment...,
Just a moment...,
Just a moment...,
Just a moment...,
Just a moment...,
Just a moment...,
Just a moment...,
Just a moment...,
Just a moment...,
Just a moment...,
Just a moment...,
Just a moment...,
Just a moment...,
Just a moment...,
Just a moment...,
Just a moment...,
Just a moment...,
Just a moment...,
Just a moment...,
Just a moment...,
Just a moment...,
Just a moment...,
Just a moment...,
Just a moment...,
Just a moment...,
Just a moment...,
Just a moment...,
Just a moment...,
Just a moment...,
Just a moment...,
Just a moment...,
Just a moment...,
Just a moment...,
Just a moment...,
Just a moment...,
Just a moment...,
Just a moment...,
Just a moment...,
Just a moment...,
Just a moment...,
Just a moment...,
Just a moment...,
Just a moment...,
Just a moment...,
Just a moment...,
Just a moment...,
Just a moment...,
Just a moment...,
Just a moment...,
Just a moment...,
Just a moment...,
Just a moment...,
Just a moment...,
Just a moment...,
Just a moment...,
Just a moment...,
Just a moment...,
Just a moment...,
Just a moment...,
Just a moment...,
Just a moment...,
Just a moment...,
Just a moment...,
Just a moment...,
Just a moment...,
Just a moment...,
Just a moment...,
Just a moment...,
Just a moment...,
Just a moment...,
Just a moment...,
Just a moment...,
Just a moment...,
Just a moment...,
Just a moment...,
Just a moment...,
Just a moment...,
Just a moment...,
Just a moment...,
Just a moment...,
Just a moment...,
Just a moment...,
Just a moment...,
Just a moment...,
Just a moment...,
Just a moment...,
Just a moment...,
Just a moment...,
Just a moment...,
Just a moment...,
Just a moment...,
Just a moment...,
Just a moment...,
Just a moment...,
Just a moment...,
Just a moment...,
Just a moment...,
Just a moment...,
Just a moment...,
Just a moment...,
Just a moment...,
Just a moment...,
Just a moment...,
Just a moment...,
Just a moment...,
Just a moment...,
Just a moment...,
Just a moment...,
Just a moment...,
Just a moment...,
Just a moment...,
Just a moment...,
Just a moment...,
Just a moment...,
Just a moment...,
Just a moment...,
Just a moment...,
Just a moment...,
Just a moment...,
Just a moment...,
Just a moment...,
Just a moment...,
Just a moment...,
Just a moment...,
Just a moment...,
Just a moment...,
Just a moment...,
Just a moment...,
Just a moment...,
Just a moment...,
Just a moment...,
Just a moment...,
Just a moment...,
Just a moment...,
Just a moment...,
Just a moment...,
Just a moment...,
Just a moment...,
Just a moment...,
Just a moment...,
Just a moment...,
Just a moment...,
Just a moment...,
Just a moment...,
Just a moment...,
Just a moment...,
Just a moment...,
Just a moment...,
Just a moment...,
Just a moment...,
Just a moment...,
Just a moment...,
Just a moment...,
Just a moment...,
Just a moment...,
Just a moment...,
Just a moment...,
Just a moment...,
Just a moment...,
Just a moment...,
Just a moment...,
Just a moment...,
Just a moment...,
Just a moment...,
Just a moment...,
Just a moment...,
Just a moment...,
Just a moment...,
Just a moment...,
Just a moment...,
Just a moment...,
Just a moment...,
Just a moment...,
Just a moment...,
Just a moment...,
Just a moment...,
Just a moment...,
Just a moment...,
Just a moment...,
Just a moment...,
Just a moment...,
Just a moment...,
Just a moment...,
Just a moment...,
Just a moment...,
Just a moment...,
Just a moment...,
Just a moment...,
Just a moment...,
Just a moment...,
Just a moment...,
Just a moment...,
Just a moment...,
Just a moment...,
Just a moment...,
Just a moment...,
Just a moment...,
Just a moment...,
Just a moment...,
Just a moment...,
Just a moment...,
Just a moment...,
Just a moment...,
Just a moment...,
Just a moment...,
Just a moment...,
Just a moment...,
Just a moment...,
Just a moment...,
Just a moment...,
Just a moment...,
Just a moment...,
Just a moment...,
Just a moment...,
Just a moment...,
Just a moment...,
Just a moment...,
Just a moment...,
Just a moment...,
Just a moment...,
Just a moment...,
Just a moment...,
Just a moment...,
Just a moment...,
Just a moment...,
Just a moment...,
Just a moment...,
Just a moment...,
Just a moment...,
Just a moment...,
Just a moment...,
Just a moment...,
Just a moment...,
Just a moment...,
Just a moment...,
Just a moment...,
Just a moment...,
Just a moment...,
Just a moment...,
Just a moment...,
Just a moment...,
Just a moment...,
Just a moment...,
Just a moment...,
Just a moment...,
Just a moment...,
Just a moment...,
Just a moment...,
Just a moment...,
Just a moment...,
Just a moment...,
Just a moment...,
Just a moment...,
Just a moment...,
Just a moment...,
Just a moment...,
Just a moment...,
Just a moment...,
Just a moment...,
Just a moment...,
Just a moment...,
Just a moment...,
Just a moment...,
Just a moment...,
Just a moment...,
Just a moment...,
Just a moment...,
Just a moment...,
Just a moment...,
Just a moment...,
Just a moment...,
Just a moment...,
Just a moment...,
Just a moment...,
Just a moment...,
Just a moment...,
Just a moment...,
Just a moment...,
Just a moment...,
Just a moment...,
Just a moment...,
Just a moment...,
Just a moment...,
Just a moment...,
Just a moment...,
Just a moment...,
Just a moment...,
Just a moment...,
Just a moment...,
Just a moment...,
Just a moment...,
Just a moment...,
Just a moment...,
Just a moment...,
Just a moment...,
Just a moment...,
Just a moment...,
Just a moment...,
Just a moment...,
Just a moment...,
Just a moment...,
Just a moment...,
Just a moment...,
Just a moment...,
Just a moment...,
Just a moment...,
Just a moment...,
Just a moment...,
Just a moment...,
Just a moment...,
Just a moment...,
Just a moment...,
Just a moment...,
Just a moment...,
Just a moment...,
Just a moment...,
Just a moment...,
Just a moment...,
Just a moment...,
Just a moment...,
Just a moment...,
Just a moment...,
Just a moment...,
Just a moment...,
Just a moment...,
Just a moment...,
Just a moment...,
Just a moment...,
Just a moment...,
Just a moment...,
Just a moment...,
Just a moment...,
Just a moment...,
Just a moment...,
Just a moment...,
Just a moment...,
Just a moment...,
Just a moment...,
Just a moment...,
Just a moment...,
Just a moment...,
Just a moment...,
Just a moment...,
Just a moment...,
Just a moment...,
Just a moment...,
Just a moment...,
Just a moment...,
Just a moment...,
Just a moment...,
Just a moment...,
Just a moment...,
Just a moment...,
Just a moment...,
Just a moment...,
Just a moment...,
Just a moment...,
Just a moment...,
Just a moment...,
Just a moment...,
Just a moment...,
Just a moment...,
Just a moment...,
Just a moment...,
Just a moment...,
Just a moment...,
Just a moment...,
Just a moment...,
Just a moment...,
Just a moment...,
Just a moment...,
Just a moment...,
Just a moment...,
Just a moment...,
Just a moment...,
Just a moment...,
Just a moment...,
Just a moment...,
Just a moment...,
Just a moment...,
Just a moment...,
Just a moment...,
Just a moment...,
Just a moment...,
Just a moment...,
Just a moment...,
Just a moment...,
Just a moment...,
Just a moment...,
Just a moment...,
Just a moment...,
Just a moment...,
Just a moment...,
Just a moment...,
Just a moment...,
Just a moment...,
Just a moment...,
Just a moment...,
Just a moment...,
Just a moment...,
Just a moment...,
Just a moment...,
Just a moment...,
Just a moment...,
Just a moment...,
Just a moment...,
Just a moment...,
Just a moment...,
Just a moment...,
Just a moment...,
Just a moment...,
Just a moment...,
Just a moment...,
Just a moment...,
Just a moment...,
Just a moment...,
Just a moment...,
Just a moment...,
Just a moment...,
Just a moment...,
Just a moment...,
Just a moment...,
Just a moment...,
Just a moment...,
Just a moment...,
Just a moment...,
Just a moment...,
Just a moment...,
Just a moment...,
Just a moment...,
Just a moment...,
Just a moment...,
Just a moment...,
Just a moment...,
Just a moment...,
Just a moment...,
Just a moment...,
Just a moment...,
Just a moment...,
Just a moment...,
Just a moment...,
Just a moment...,
Just a moment...,
Just a moment...,
Just a moment...,
Just a moment...,
Just a moment...,
Just a moment...,
Just a moment...,
Just a moment...,
Just a moment...,
Just a moment...,
Just a moment...,
Just a moment...,
Just a moment...,
Just a moment...,
Just a moment...,
Just a moment...,
Just a moment...,
Just a moment...,
Just a moment...,
Just a moment...,
Just a moment...,
Just a moment...,
Just a moment...,
Just a moment...,
Just a moment...,
Just a moment...,
Just a moment...,
Just a moment...,
Just a moment...,
Just a moment...,
Just a moment...,
Just a moment...,
Just a moment...,
Just a moment...,
Just a moment...,
Just a moment...,
Just a moment...,
Just a moment...,
Just a moment...,
Just a moment...,
Just a moment...,
Just a moment...,
Just a moment...,
Just a moment...,
Just a moment...,
Just a moment...,
Just a moment...,
Just a moment...,
Just a moment...,
Just a moment...,
Just a moment...,
Just a moment...,
Just a moment...,
Just a moment...,
Just a moment...,
Just a moment...,
Just a moment...,
Just a moment...,
Just a moment...,
Just a moment...,
Just a moment...,
Just a moment...,
Just a moment...,
Just a moment...,
Just a moment...,
Just a moment...,
Just a moment...,
Just a moment...,
Just a moment...,
Just a moment...,
Just a moment...,
Just a moment...,
Just a moment...,
Just a moment...,
Just a moment...,
Just a moment...,
Just a moment...,
Just a moment...,
Just a moment...,
Just a moment...,
Just a moment...,
Just a moment...,
Just a moment...,
Just a moment...,
Just a moment...,
Just a moment...,
Just a moment...,
Just a moment...,
Just a moment...,
Just a moment...,
Just a moment...,
Just a moment...,
Just a moment...,
Just a moment...,
Just a moment...,
Just a moment...,
Just a moment...,
Just a moment...,
Just a moment...,
Just a moment...,
Just a moment...,
Just a moment...,
Just a moment...,
Just a moment...,
Just a moment...,
Just a moment...,
Just a moment...,
Just a moment...,
Just a moment...,
Just a moment...,
Just a moment...,
Just a moment...,
Just a moment...,
Just a moment...,
Just a moment...,
Just a moment...,
Just a moment...,
Just a moment...,
Just a moment...,
Just a moment...,
Just a moment...,
Just a moment...,
Just a moment...,
Just a moment...,
Just a moment...,
Just a moment...,
Just a moment...,
Just a moment...,
Just a moment...,
Just a moment...,
Just a moment...,
Just a moment...,
Just a moment...,
Just a moment...,
Just a moment...,
Just a moment...,
Just a moment...,
Just a moment...,
Just a moment...,
Just a moment...,
Just a moment...,
Just a moment...,
Just a moment...,
Just a moment...,
Just a moment...,
Just a moment...,
Just a moment...,
Just a moment...,
Just a moment...,
Just a moment...,
Just a moment...,
Just a moment...,
Just a moment...,
Just a moment...,
Just a moment...,
Just a moment...,
Just a moment...,
Just a moment...,
Just a moment...,
Just a moment...,
Just a moment...,
Just a moment...,
Just a moment...,
Just a moment...,
Just a moment...,
Just a moment...,
Just a moment...,
Just a moment...,
Just a moment...,
Just a moment...,
Just a moment...,
Just a moment...,
Just a moment...,
Just a moment...,
Just a moment...,
Just a moment...,
Just a moment...,
Just a moment...,
Just a moment...,
Just a moment...,
Just a moment...,
Just a moment...,
Just a moment...,
Just a moment...,
Just a moment...,
Just a moment...,
Just a moment...,
Just a moment...,
Just a moment...,
Just a moment...,
Just a moment...,
Just a moment...,
Just a moment...,
Just a moment...,
Just a moment...,
Just a moment...,
Just a moment...,
Just a moment...,
Just a moment...,
Just a moment...,
Just a moment...,
Just a moment...,
Just a moment...,
Just a moment...,
Just a moment...,
Just a moment...,
Just a moment...,
Just a moment...,
Just a moment...,
Just a moment...,
Just a moment...,
Just a moment...,
Just a moment...,
Just a moment...,
Just a moment...,
Just a moment...,
Just a moment...,
Just a moment...,
Just a moment...,
Just a moment...,
Just a moment...,
Just a moment...,
Just a moment...,
Just a moment...,
Just a moment...,
Just a moment...,
Just a moment...,
Just a moment...,
Just a moment...,
Just a moment...,
Just a moment...,
Just a moment...,
Just a moment...,
Just a moment...,
Just a moment...,
Just a moment...,
Just a moment...,
Just a moment...,
Just a moment...,
Just a moment...,
Just a moment...,
Just a moment...,
Just a moment...,
Just a moment...,
Just a moment...,
Just a moment...,
Just a moment...,
Just a moment...,
Just a moment...,
Just a moment...,
Just a moment...,
Just a moment...,
Just a moment...,
Just a moment...,
Just a moment...,
Just a moment...,
Just a moment...,
Just a moment...,
Just a moment...,
Just a moment...,
Just a moment...,
Just a moment...,
Just a moment...,
Just a moment...,
Just a moment...,
Just a moment...,
Just a moment...,
Just a moment...,
Just a moment...,
Just a moment...,
Just a moment...,
Just a moment...,
Just a moment...,
Just a moment...,
Just a moment...,
Just a moment...,
Just a moment...,
Just a moment...,
Just a moment...,
Just a moment...,
Just a moment...,
Just a moment...,
Just a moment...,
Just a moment...,
Just a moment...,
Just a moment...,
Just a moment...,
Just a moment...,
Just a moment...,
Just a moment...,
Just a moment...,
Just a moment...,
Just a moment...,
Just a moment...,
Just a moment...,
Just a moment...,
Just a moment...,
Just a moment...,
Just a moment...,
Just a moment...,
Just a moment...,
Just a moment...,
Just a moment...,
Just a moment...,
Just a moment...,
Just a moment...,
Just a moment...,
Just a moment...,
Just a moment...,
Just a moment...,
Just a moment...,
Just a moment...,
Just a moment...,
Just a moment...,
Just a moment...,
Just a moment...,
Just a moment...,
Just a moment...,
Just a moment...,
Just a moment...,
Just a moment...,
Just a moment...,
Just a moment...,
Just a moment...,
Just a moment...,
Just a moment...,
Just a moment...,
Just a moment...,
Just a moment...,
Just a moment...,
Just a moment...,
Just a moment...,
Just a moment...,
Just a moment...,
Just a moment...,
Just a moment...,
Just a moment...,
Just a moment...,
Just a moment...,
Just a moment...,
Just a moment...,
Just a moment...,
Just a moment...,
